{"cameraMode":{"drawMode":0,"name":"Shaded","section":"Shading Mode"},"sceneLighting":false,"audioPlay":false,"sceneViewState":{"m_AlwaysRefresh":false,"showFog":true,"showSkybox":false,"showFlares":true,"showImageEffects":true,"showParticleSystems":true,"showVisualEffectGraphs":true,"m_FxEnabled":true},"in2DMode":false,"pivot":{"x":0.025168001651763917,"y":1.9602323770523072,"z":0.1063118577003479},"rotation":{"x":-0.18214771151542664,"y":0.1299583613872528,"z":-0.024293500930070878,"w":-0.9743449687957764},"size":1.8622981309890748,"orthographic":false}